{
    "C\u00e2y quy\u1ebft \u0111\u1ecbnh (t\u1ed1i \u01b0u)": {
        "MSE": 2.9545072124356713,
        "RMSE": 1.7188680032031753,
        "MAE": 1.0077552218332289,
        "R\u00b2": 0.8758800817707685
    },
    "Random Forest (t\u1ed1i \u01b0u)": {
        "MSE": 2.7534260975942826,
        "RMSE": 1.659345080926292,
        "MAE": 0.9485423782024347,
        "R\u00b2": 0.8843275722444779
    },
    "XGBoost (t\u1ed1i \u01b0u)": {
        "MSE": 3.372001886367798,
        "RMSE": 1.8363011426146305,
        "MAE": 0.9701211452484131,
        "R\u00b2": 0.8583409786224365
    }
}