{
    "C\u00e2y quy\u1ebft \u0111\u1ecbnh (t\u1ed1i \u01b0u)": {
        "MSE": 0.8067942871061945,
        "RMSE": 0.8982172827919727,
        "MAE": 0.5219496653399437,
        "R\u00b2": 0.865806259290518
    },
    "Random Forest (t\u1ed1i \u01b0u)": {
        "MSE": 0.6099887150245921,
        "RMSE": 0.7810177430920453,
        "MAE": 0.3951749132908333,
        "R\u00b2": 0.8985408439698759
    },
    "XGBoost (t\u1ed1i \u01b0u)": {
        "MSE": 0.6488026364584679,
        "RMSE": 0.8054828591959409,
        "MAE": 0.41505615243654764,
        "R\u00b2": 0.8920849414033147
    }
}