{
    "C\u00e2y quy\u1ebft \u0111\u1ecbnh (t\u1ed1i \u01b0u)": {
        "MSE": 0.7478592814371258,
        "RMSE": 0.8647885761486016,
        "MAE": 0.39730538922155684,
        "R\u00b2": 0.8756088929926403
    },
    "Random Forest (t\u1ed1i \u01b0u)": {
        "MSE": 0.5935107221782114,
        "RMSE": 0.7703964707721677,
        "MAE": 0.37820321503180776,
        "R\u00b2": 0.9012816213090055
    },
    "XGBoost (t\u1ed1i \u01b0u)": {
        "MSE": 0.5826745212997634,
        "RMSE": 0.7633312002661514,
        "MAE": 0.3686397389737432,
        "R\u00b2": 0.9030840018590389
    }
}