{
    "Linear Regression (t\u1ed1i \u01b0u)": {
        "MSE": 0.8786206832850321,
        "RMSE": 0.9373476853788204,
        "MAE": 0.6316981688952701,
        "R\u00b2": 0.8538594062463656
    },
    "C\u00e2y quy\u1ebft \u0111\u1ecbnh (t\u1ed1i \u01b0u)": {
        "MSE": 0.6764071856287426,
        "RMSE": 0.8224397762929165,
        "MAE": 0.37365269461077844,
        "R\u00b2": 0.8874934888199744
    },
    "Random Forest (t\u1ed1i \u01b0u)": {
        "MSE": 0.6142693698903835,
        "RMSE": 0.7837533858876677,
        "MAE": 0.39669010820367406,
        "R\u00b2": 0.8978288445193254
    },
    "XGBoost (t\u1ed1i \u01b0u)": {
        "MSE": 0.655292036902061,
        "RMSE": 0.809501103706512,
        "MAE": 0.4048220292893713,
        "R\u00b2": 0.8910055622673877
    }
}